,dest_type,name,lon,lat
0,medical_clinic,AFC Urgent Care Houston,-95.44230510483101,29.72221477817944
1,medical_clinic,Accident Injury Rehab Clinic,-95.31237101355828,29.71211951085575
2,medical_clinic,Action Chiropractic,-95.18707433026007,30.05490253641201
3,medical_clinic,Ageless Men's Health,-95.53070255433408,29.78691570294946
4,medical_clinic,AnyLabTestNow,-95.40970088409466,29.81371589334998
5,medical_clinic,Bay Area Surgicare Center,-95.12796666840588,29.54044563999428
6,medical_clinic,Baylor College of Medicine Medical Center,-95.39436902814623,29.6986805153801
7,medical_clinic,Baylor Family Practice,-95.4184265854523,29.73325851010986
8,medical_clinic,Baylor Saint Luke’s Emergency Center–Holcombe,-95.42066228612215,29.70527971591585
9,medical_clinic,Bayou City Healthcare,-95.43211177886656,29.80233829644003
10,medical_clinic,Baytown Health Center,-94.97667509833917,29.7446913928282
11,medical_clinic,Bellissima Women's Clinic,-95.54075544366896,29.96612526675452
12,medical_clinic,Bender's Landing Urgent Care,-95.3791485779913,30.11975862987896
13,medical_clinic,Brae Valley Surgical Center,-95.4268619858252,29.67613882209631
14,medical_clinic,Clear Dermatology,-95.68678620850815,29.78595843146379
15,medical_clinic,Clinica Hispana,-95.23528851568499,30.10263852834795
16,medical_clinic,Clinica Hispana,-95.38480298907504,29.84482208614039
17,medical_clinic,Clinica Hispana Berry,-95.37651011854341,29.83716651242243
18,medical_clinic,Clutch City Dialysis,-95.35900520194211,29.70458391397596
19,medical_clinic,Cy-Fair Medical Partners,-95.68303521052245,29.89562888600518
20,medical_clinic,Cy-Fair Surgery Center,-95.58811783339172,29.92589207657848
21,medical_clinic,DaVita Dialysis,-95.37627531653173,29.83876635008722
22,medical_clinic,DaVita Dialysis,-95.23816931361674,30.13143772257862
23,medical_clinic,DaVita Dialysis,-95.38331678997855,29.83318558846882
24,medical_clinic,DaVita Dialysis,-95.73903849176249,29.99371026801562
25,medical_clinic,DaVita Summit Dialysis Center,-95.34851316892538,29.74299115474847
26,medical_clinic,Davita,-95.38854910591837,29.80463602148641
27,medical_clinic,Davita Dialysis,-95.3669185581521,29.74429291410521
28,medical_clinic,Doctors Express Urgent Care,-95.39889528869793,29.77266210138086
29,medical_clinic,ERKaty,-95.8225294803271,29.77637301504634
30,medical_clinic,East Central Houston Dialysis Center,-95.30588421420825,29.73494845595422
31,medical_clinic,El Franco Lee Health Center,-95.572290909459,29.68012077118747
32,medical_clinic,Epione Health Clinic,-95.24611081464926,30.06474253645251
33,medical_clinic,Express Family Clinic,-95.23271761504355,30.13085282250754
34,medical_clinic,Family Health Clinic,-95.24614031464655,30.06463583647528
35,medical_clinic,Family Medicine,-95.71992340546515,29.79907610692208
36,medical_clinic,First Choice Emergency Room,-95.48560776008163,29.91539587518752
37,medical_clinic,First Choice Emergency Room,-95.84132308215,29.76275734345757
38,medical_clinic,First Choice Emergency Room,-95.1963369587754,29.925442908196
39,medical_clinic,First Choice Emergency Room,-95.7471334897931,29.99162156872029
40,medical_clinic,First Choice Emergency Room,-95.03129838834248,29.65274871360927
41,medical_clinic,First Choice Emergency Room,-95.62471093186998,29.75207731326093
42,medical_clinic,Fresenius Kidney Care Fort Bend,-95.564632854761,29.58149074612225
43,medical_clinic,Fresenius Kidney Care Missouri City,-95.52898966382413,29.58251764471828
44,medical_clinic,Grainger Diagnostic Clinic,-95.40825580797545,29.84688553052002
45,medical_clinic,Gramercy Outpatient Surgery Center,-95.42140208599221,29.70393801621569
46,medical_clinic,Gulfgate Clinic,-95.29667651794232,29.70397431199714
47,medical_clinic,Gulfgate Community Health Center,-95.2856079609665,29.69976339248799
48,medical_clinic,HealthOne Emergency Care,-95.24471671589465,29.93563083777347
49,medical_clinic,Her Healthcare,-95.24799991437334,30.06018723744731
50,medical_clinic,Hospitality Urgent Care,-95.5857549506748,29.55157745295953
51,medical_clinic,Houston Eye Associates,-95.63182543659157,29.60449204366495
52,medical_clinic,Houston Heights Emergency Room,-95.39825778700938,29.81406559288838
53,medical_clinic,Houston Methodist Emergency Care,-95.4998089638844,29.74996550945034
54,medical_clinic,Houston Methodist Orthopedics,-95.45902529655622,29.72212761276317
55,medical_clinic,Houston Revival Center,-95.5846192342229,29.92727767617584
56,medical_clinic,Jamail Specialty Care Center,-95.3926855084716,29.70106799683389
57,medical_clinic,Katy Centro Medico Hispano,-95.72007090531984,29.80147340643886
58,medical_clinic,Kelsey Seybold clinic,-95.46067697664034,29.68815382077518
59,medical_clinic,Kelsey-Sebold Clinic,-95.18326143164985,30.04594303810953
60,medical_clinic,Kingwood Spine and Wellness,-95.24705971505975,30.05048123939491
61,medical_clinic,La Michoacana Medical Clinic,-95.39136048568132,29.88287427858863
62,medical_clinic,Lawndale Medical Clinic,-95.29415611797415,29.71784140906665
63,medical_clinic,Lifeline Urgent Care,-95.62606957334188,29.75613502847894
64,medical_clinic,Lifesavers 24/7 Emergency Room,-95.40974838371184,29.82198149166151
65,medical_clinic,MD Anderson Proton Therapy Center,-95.39893404812211,29.69541168720414
66,medical_clinic,Manis Health,-95.68704800742961,29.78622015341938
67,medical_clinic,Maxim Hair Restoration,-95.41252928713334,29.7294054106992
68,medical_clinic,MedExpress,-95.76994749192032,29.81660690506341
69,medical_clinic,MedSpring Urgent Care,-95.5907750397393,29.76995810845693
70,medical_clinic,Medical Plaza 1,-95.7872381458368,29.78714182165038
71,medical_clinic,Medical Plaza 2,-95.7882716685732,29.78714638768471
72,medical_clinic,Memorial Hermann Convenient Care Center,-95.39110323961879,29.774334158774
73,medical_clinic,Memorial Hermann Convenient Care Center in Spring,-95.53553233948887,30.08640484211759
74,medical_clinic,Memorial Hermann Imaging Center,-95.42250498435384,29.73448280999729
75,medical_clinic,Memorial Hermann Medical Group,-95.18379613143628,30.04760813778796
76,medical_clinic,Memorial Hermann Medical Group Copperfield,-95.63178522321024,29.90440728245538
77,medical_clinic,Memorial Hermann Sports Medicine and Rehabilitation,-95.18397993139274,30.04752803781071
78,medical_clinic,Memorial MRI & Diagnostic,-95.51362715838361,29.79399110092271
79,medical_clinic,Men's T Clinic,-95.41127098535773,29.77649780101641
80,medical_clinic,Midtown Pain & Rehabilitation Center,-95.36456609877138,29.74391870610214
81,medical_clinic,Midtown Surgical Center,-95.36528061355423,29.7446844139695
82,medical_clinic,Neighbors Emergency Center,-95.64573602160506,29.86113899174342
83,medical_clinic,Next Level Urgent Care,-95.6370445222129,29.89677508418971
84,medical_clinic,Night Light Pediatric Urgent Care,-95.42923457848102,29.82736439122608
85,medical_clinic,North Cypress Emergency Room,-95.73972509159408,29.99356396806908
86,medical_clinic,North Houston Endoscopy & Surgery,-95.43535676803263,30.0232148514834
87,medical_clinic,Physician Specialty Center,-95.43529109761391,29.81213179554618
88,medical_clinic,Placemark,-95.63069037292588,29.91683846088797
89,medical_clinic,Placemark,-95.50374136721743,30.07350008063097
90,medical_clinic,Placemark,-95.64776562130307,29.94459120383204
91,medical_clinic,Placemark,-95.63078267992773,29.91627813600518
92,medical_clinic,Placemark,-95.4676438233221,29.72278065492126
93,medical_clinic,Placemark,-95.4681711240193,29.70403531777623
94,medical_clinic,Placemark,-95.42547573761948,29.80113019246104
95,medical_clinic,Placemark,-95.61351219816365,29.92015210562181
96,medical_clinic,Placemark,-95.49851121055458,30.07352699944333
97,medical_clinic,Placemark,-95.6311726198374,29.9160741540601
98,medical_clinic,Placemark,-95.57222597398193,29.73626883170711
99,medical_clinic,Placemark,-95.62970777918333,29.91669626188306
100,medical_clinic,Placemark,-95.61259095844801,29.91907197980991
101,medical_clinic,Planned Parenthood,-95.4831249700842,29.70650881777537
102,medical_clinic,Quest Diagnostics,-95.2478891143818,30.06062363735444
103,medical_clinic,Restore Hyper Wellness & Cryotherapy,-95.40610398769292,29.75380320548586
104,medical_clinic,Rheumatic Disease Clinic of Houston,-95.37742779628488,29.72573731026272
105,medical_clinic,Riverside Dialysis Center,-95.3618741500312,29.73109200863924
106,medical_clinic,San Antonio Clinic,-95.31593566103625,29.72583652016272
107,medical_clinic,Santa Clara Family Clinic,-95.31744861163885,29.72605280816951
108,medical_clinic,Select Physical Therapy,-95.429169578915,29.81806399312478
109,medical_clinic,SignatureCare Emergency Center,-95.46763637332405,29.72277981392115
110,medical_clinic,SignatureCare Emergency Center,-95.57222584598156,29.73627771470533
111,medical_clinic,"Spencer R. Berthelsen, M.D., Main Campus",-95.4215116559064,29.70524124095243
112,medical_clinic,Spring Branch Hillendahl Clinic,-95.49449276299444,29.80031149897959
113,medical_clinic,Spring Urgent Care,-95.54400503864319,30.05772294823948
114,medical_clinic,Summer Creek Physicians,-95.21523342848084,29.93522626184311
115,medical_clinic,Texas Children's Pedatrics,-95.39908058712886,29.80669629442365
116,medical_clinic,Texas Children's Pediatrics Cullen,-95.34483720557766,29.70445501352398
117,medical_clinic,Texas Children's Pediatrics Gulfgate,-95.29714311816596,29.69621731360481
118,medical_clinic,Texas Sports Medicine Center,-95.6290247447238,30.08344711498122
119,medical_clinic,The Center for Wound Care,-95.23561741807873,30.048697739362
120,medical_clinic,The Woman's Place Kingwood,-95.23545391812053,30.04870153935556
121,medical_clinic,Thomas Street Health Center,-95.36545349708001,29.77677459940308
122,medical_clinic,Town Center Family Practice,-95.18625163061171,30.05183983700889
123,medical_clinic,Town Center Foot and Ankle,-95.18523263103357,30.04834453768735
124,medical_clinic,UH Health Center,-95.34433449206982,29.71881701456209
125,medical_clinic,UTMB Health Regional Maternal and Child Health Program,-95.22694661614227,30.13914292061681
126,medical_clinic,Urgent Care & Weight Loss,-95.21524002848383,29.93512286186448
127,medical_clinic,Vallbona Health Center,-95.50022692466118,29.70761249912784
128,medical_clinic,Vecino Airline Children's Clinic,-95.3839631890415,29.85035218498117
129,medical_clinic,Vecino's Denver Harbor Family Clinic,-95.30986151116967,29.78029619679367
130,medical_clinic,West Houston Community Health Center,-95.70728385726983,29.83065325005986
131,medical_clinic,West Oaks Urgent Care,-95.68651892013422,29.66115488392055
132,medical_clinic,Woman's Health,-95.40922668613302,29.77085530210157
133,medical_clinic,Women's Outpatient Center,-95.364431406662,29.74715204543518
134,primary_school,AL-HADI SCHOOL OF ACCELERATIVE LEARNING,-95.500856,29.7422701224406
135,primary_school,ALCOTT EL,-95.2768296,29.6724513
136,primary_school,ALEXANDER EL,-95.60782669012764,29.6876826
137,primary_school,ALIEF MONTESSORI COMMUNITY SCHOOL,-95.590799,29.71315525
138,primary_school,ALMEDA EL,-95.41742955102042,29.60041046938775
139,primary_school,ANDERSON ACADEMY,-95.43049302737569,29.8681522
140,primary_school,ANDERSON EL,-95.48797655,29.64914955
141,primary_school,ANDERSON EL,-95.33351567448582,30.03691305
142,primary_school,ANDRE EL,-95.7175899,29.9426878
143,primary_school,ANNUNCIATION ORTHODOX SCHOOL,-95.3932071758563,29.7396152
144,primary_school,ARABIC IMMERSION MAGNET SCHOOL,-95.4129218,29.8114892
145,primary_school,ARISTOI CLASSICAL ACADEMY,-95.82177787755101,29.79650812244898
146,primary_school,ARLYNE & ALAN WEBER EL,-95.2507591,29.6152692
147,primary_school,ARMAND BAYOU EL,-95.115463,29.594188
148,primary_school,ARMAND BAYOU MONTESSORI,-95.11288662809918,29.59515152892562
149,primary_school,ARROW ACADEMY - HARVEST PREPARATORY ACADEMY,-95.3976872,29.9377466
150,primary_school,ASCENSION EPISCOPAL SCHOOL,-95.5531624949495,29.74023727272727
151,primary_school,ASKEW EL,-95.577365,29.751442
152,primary_school,ASSUMPTION CATHOLIC SCHOOL,-95.387489,29.871472
153,primary_school,ATHERTON EL,-95.321203,29.77928287149253
154,primary_school,ATKINSON EL,-95.24058189572519,29.60736685875717
155,primary_school,AULT EL,-95.734953,30.0010485
156,primary_school,AVONDALE HOUSE,-95.43684928859061,29.67223254362416
157,primary_school,B H HAMBLEN EL,-95.1385389,29.7770024
158,primary_school,BAILEY EL,-95.197903,29.67267373469388
159,primary_school,BANE EL,-95.52754791146093,29.8530131
160,primary_school,BARRICK EL,-95.3698,29.874882
161,primary_school,BASTIAN EL,-95.2768296,29.6724513
162,primary_school,BAY AREA MONTESSORI HOUSE,-95.2460095,29.7857086
163,primary_school,BAY EL,-95.02612893288591,29.56653608724832
164,primary_school,BAYTOWN CHRISTIAN ACADEMY,-94.96415709155036,29.7819972913689
165,primary_school,BEATRICE MAYES INSTITUTE CHARTER SCHOOL,-95.345699375,29.70103875
166,primary_school,BELL EL,-95.5497546002687,29.64406561565204
167,primary_school,BENAVIDEZ EL,-95.491761,29.716431
168,primary_school,BENBROOK EL,-95.48206,29.827233
169,primary_school,BENEKE EL,-95.4812350977038,29.98299435
170,primary_school,BENFER EL,-95.48604868284443,30.03491525
171,primary_school,BERNSHAUSEN EL,-95.590627,30.090246
172,primary_school,BERRY EL,-95.34932950251256,29.83763489447236
173,primary_school,BEST EL,-95.5520144478069,29.6722326
174,primary_school,BIRKES EL,-95.668459,29.8335759
175,primary_school,BLACK EL,-95.6732211,30.0243099
176,primary_school,BLACK EL,-95.40438771828794,29.9294756
177,primary_school,BONHAM EL,-95.51921320183581,29.68787515
178,primary_school,BONNER EL,-95.261398,29.676315
179,primary_school,BOONE EL,-95.4221409,29.7254898
180,primary_school,BRAEBURN EL,-95.48858124615386,29.69547264615385
181,primary_school,BRIARGROVE EL,-95.49094179349773,29.7492191
182,primary_school,BRIARMEADOW CHARTER,-95.513925,29.725713
183,primary_school,BROOKLINE EL,-95.2776342,29.702507
184,primary_school,BROOKWOOD EL,-95.10681084787413,29.603132
185,primary_school,BROWNING EL,-95.37789143503926,29.79630207360764
186,primary_school,BRUCE EL,-95.3342881,29.8628708
187,primary_school,BUFFALO CREEK EL,-95.52410426184187,29.81997825
188,primary_school,BUNKER HILL EL,-95.11379728641585,29.5608529
189,primary_school,BURBANK EL,-95.37306829144228,29.8448741
190,primary_school,BURNET EL,-95.31857536165407,29.74602645
191,primary_school,BURNETT ELEMENTARY,-95.20146667346938,29.59030363265306
192,primary_school,BURRUS EL,-95.390843,29.816541
193,primary_school,BUSH EL,-95.62546,29.758189
194,primary_school,BUSH EL,-95.5536891189325,29.7011362
195,primary_school,BUSSEY EL,-95.40917970565027,29.92355205
196,primary_school,CAGE EL,-95.33363,29.73553685714286
197,primary_school,CALVERT EL,-95.3579566,29.9469167
198,primary_school,CARAWAY EL,-95.45598817665541,29.87967405
199,primary_school,CARMICHAEL EL,-95.4877938612253,29.92880705
200,primary_school,CARPENTER EL,-95.1451104,29.6817073
201,primary_school,CARRILLO EL,-95.310246,29.7268605
202,primary_school,CARTER ACADEMY,-95.46589781795396,29.9182784
203,primary_school,CEDAR BROOK EL,-95.50355590753085,29.8118474
204,primary_school,CENTRAL CHRISTIAN ACADEMY,-95.5009113877551,29.8136938367347
205,primary_school,CHAMBERS EL,-95.56645986485267,29.698105
206,primary_school,CHANCELLOR EL,-95.57627344212882,29.70965525
207,primary_school,CHRIST THE REDEEMER,-95.6287531,29.9211964
208,primary_school,CHRISTIAN SCHOOL OF NORTHWEST HOUSTON,-95.48805889795918,29.85064006122449
209,primary_school,CIMARRON EL,-95.1912660612245,29.78138216326531
210,primary_school,CLAY ROAD BAPTIST SCHOOL,-95.51649871428572,29.83255534693878
211,primary_school,CLEAR LAKE CITY EL,-95.12025747824276,29.56652581965351
212,primary_school,CLOUD OF LIGHT CHRISTIAN ACADEMY,-95.460888,29.7408042
213,primary_school,CLOVERLEAF EL,-95.17598581446845,29.77673349360438
214,primary_school,CODWELL EL,-95.344649,29.633594
215,primary_school,COLLINS EL,-95.55487022516954,29.7104093
216,primary_school,CONLEY EL,-95.47157993143409,29.94531485
217,primary_school,COOK JR EL,-95.31841942854473,29.82548135337806
218,primary_school,COOP EL,-95.349809,29.85863006122449
219,primary_school,CORNELIUS EL,-95.29342447078064,29.67707827569888
220,primary_school,CORPUS CHRISTI CATHOLIC SCHOOL,-95.44018073469388,29.67516853061225
221,primary_school,COVENANT ACADEMY,-95.6541981,29.9978436
222,primary_school,CREEKSIDE FOREST EL,-95.51346817821761,30.14291775
223,primary_school,CREEKVIEW EL,-95.5445616,30.1407238
224,primary_school,CRESPO EL,-95.28583042244925,29.70059558358744
225,primary_school,CROCKETT EL,-95.37949993877551,29.77375304081633
226,primary_school,CROSBY EL,-95.063598125,29.899556
227,primary_school,CUNAE INTERNATIONAL SCHOOL,-95.5080505,30.1413048
228,primary_school,CUNNINGHAM EL,-95.468194,29.716673
229,primary_school,CYPRESSWOOD EL,-95.3291055,30.0206523
230,primary_school,DANISH EL,-95.59907361346916,29.93222595
231,primary_school,DAVILA EL,-95.2839555970906,29.71449887635719
232,primary_school,DE CHAUMES EL,-95.3769666,29.8611209
233,primary_school,DE ZAVALA EL,-95.28968193877552,29.73726140816327
234,primary_school,DEANDA EL,-95.28059807142857,29.62563564285714
235,primary_school,DEEPWATER EL,-95.16242453768844,29.7077196080402
236,primary_school,DEER PARK EL,-95.1135622,29.6979357
237,primary_school,DEERWOOD EL,-95.17281014967824,30.0562351
238,primary_school,DELORAS E THOMPSON EL,-95.46500545850682,29.96992065
239,primary_school,DOGAN EL,-95.32827648484849,29.78581627272727
240,primary_school,DONNA LEWIS EL,-95.4511683,29.9649477
241,primary_school,DR SHIRLEY J WILLIAMSON EL,-95.17815811265852,29.82094050848052
242,primary_school,DUCHESNE ACADEMY OF THE SACRED HEART,-95.48589454954038,29.777272
243,primary_school,DURHAM EL,-95.41615152040816,29.83476376530612
244,primary_school,DURKEE EL,-95.391274,29.867327
245,primary_school,EAGLE SPRINGS EL,-95.2765094,29.9822231
246,primary_school,ECKERT EL,-95.353329,29.935014
247,primary_school,EDGEWOOD EL,-95.50847581881061,29.81959535
248,primary_school,EHRHARDT EL,-95.52456542924045,30.0384724
249,primary_school,EILAND EL,-95.49169498816941,29.89214185
250,primary_school,ELIM CHRISTIAN SCHOOL,-95.6449252,29.7965844
251,primary_school,ELIOT EL,-95.30609395450912,29.78092848260488
252,primary_school,ELITE STEM PRI ACADEMY,-95.2798129,29.6974529
253,primary_school,ELROD EL,-95.50113265731022,29.6714681
254,primary_school,EMERSON EL,-95.53336635121397,29.72716478327189
255,primary_school,ENERGIZED FOR EXCELLENCE ACADEMY EL,-95.4221409,29.7254898
256,primary_school,EPPS ISLAND EL,-95.49789317687669,29.9155624
257,primary_school,ERMEL EL,-95.49686711691619,29.88505775
258,primary_school,ESCAMILLA EL,-95.3134,29.8914
259,primary_school,ETERNITY CHRISTIAN SCHOOL,-95.4206398,29.915051
260,primary_school,FAIRMONT EL,-95.153261,29.791939
261,primary_school,FAITH CHRISTIAN ACADEMY,-95.185948,29.65620068
262,primary_school,FALCON PASS EL,-95.11076681632653,29.57544134693878
263,primary_school,FIELD EL,-95.39085089795918,29.80074751020408
264,primary_school,FIRST BAPTIST ACADEMY,-94.9824332,29.7607858
265,primary_school,FIRST BAPTIST ACADEMY,-95.45783188877536,29.78176210184036
266,primary_school,FIRST BAPTIST CHRISTIAN ACADEMY,-95.1549112,29.6498995
267,primary_school,FISHER ELEMENTARY,-95.179645,29.668296
268,primary_school,FONDREN EL,-95.4990194,29.627792
269,primary_school,FOSTER EL,-95.22356720045137,30.0425258
270,primary_school,FOSTER EL,-95.36114978571429,29.69172728571429
271,primary_school,FRANCONE EL,-95.5638485,29.9688236
272,primary_school,FRANKLIN EL,-95.29817,29.739082
273,primary_school,FRAZIER EL,-95.22681913333334,29.5880046
274,primary_school,FREEMAN EL,-95.2329175735294,29.64592357352941
275,primary_school,FRENCH EL,-95.50843272234133,30.12947
276,primary_school,FROST EL,-95.3373548446602,29.62088494174757
277,primary_school,G H WHITCOMB EL,-95.128489,29.560331
278,primary_school,GALENA PARK EL,-95.2302123,29.7335616
279,primary_school,GALLEGOS EL,-95.29366614285715,29.73310285714286
280,primary_school,GARCIA EL,-95.34906893616163,29.84888885522204
281,primary_school,GARDEN OAKS MONTESSORI,-95.41290993286266,29.82268917077393
282,primary_school,GARFIELD EL,-95.23069335714285,29.63479457142857
283,primary_school,GARRETT EL,-95.1547833,29.8834615
284,primary_school,GENESIS CHRISTIAN SCHOOL,-95.2853893,29.622653
285,primary_school,GENOA EL,-95.201904,29.62275
286,primary_school,GINGER MCNABB EL,-95.42257243646513,30.05626575
287,primary_school,GLEASON EL,-95.55799894168923,29.90291370457196
288,primary_school,GOLDEN ACRES EL,-95.1617552264151,29.67047958490566
289,primary_school,GOLFCREST EL,-95.29448528832471,29.68922184515339
290,primary_school,GOODMAN EL,-95.42371132537542,29.8966734
291,primary_school,GOUDEAU ACCELERATED PREPARATORY ACADEMY,-95.2599342,29.6016949
292,primary_school,GRACE ACADEMY,-94.96393664334136,29.78875944710576
293,primary_school,GRACE CHRISTIAN ACADEMY,-95.1521393877551,29.57896806122449
294,primary_school,GRACE SCHOOL,-95.55559714285714,29.73995396428571
295,primary_school,GRAY EL,-95.43173453475211,29.9157849
296,primary_school,GREEN VALLEY EL,-95.18867,29.792211
297,primary_school,GREGG EL,-95.309845,29.672341
298,primary_school,GREGORY-LINCOLN ED CTR,-95.385605,29.75679
299,primary_school,GRISSOM EL,-95.454087,29.619843
300,primary_school,GROSS EL,-95.52793181944563,29.6391406
301,primary_school,H M CARROLL EL,-95.21345291273248,29.85541710586552
302,primary_school,HAIRGROVE EL,-95.6173502,29.782079
303,primary_school,HANCOCK EL,-95.5565032,29.9680341
304,primary_school,HARMONY SCHOOL OF ENDEAVOR-HOUSTON,-95.4825354,29.8658292
305,primary_school,HARMONY SCHOOL OF ENRICHMENT - HOUSTON,-95.5578226,29.6610592
306,primary_school,HARMONY SCHOOL OF EXCELLENCE-HOUSTON,-95.5469318,29.949285
307,primary_school,HARMONY SCHOOL OF EXPLORATION- HOUSTON,-95.5578226,29.6610592
308,primary_school,HARMONY SCHOOL OF FINE ARTS AND TECHNOLOGY-HOUSTON,-95.4186082,29.7273064
309,primary_school,HARMONY SCHOOL OF SCIENCE-HOUSTON,-95.47726806122449,29.67664324489796
310,primary_school,HARMONY SCIENCE ACADEMY - CYPRESS,-95.5578226,29.6610592
311,primary_school,HARRIS EL,-95.45419289536402,29.86799215
312,primary_school,HARRIS R P EL,-95.22138842581629,29.76910935
313,primary_school,HARTSFIELD EL,-95.34309488324622,29.69390589485185
314,primary_school,HARVARD EL,-95.39621644897959,29.7854617755102
315,primary_school,HARVEY S BROWN EL,-95.262272,29.792054
316,primary_school,HAUDE EL,-95.5610531,30.00661
317,primary_school,HEFLIN EL,-95.61819900584418,29.72282975
318,primary_school,HELMS EL,-95.4064406365234,29.80532735
319,primary_school,HENDERSON J EL,-95.319688,29.722256
320,primary_school,HENDERSON N EL,-95.321212,29.768632
321,primary_school,HERITAGE EL,-95.45480498573156,29.96325475
322,primary_school,HEROD EL,-95.48734444999322,29.68407877263194
323,primary_school,HERRERA EL,-95.36635907294759,29.82229405
324,primary_school,HIDDEN HOLLOW EL,-95.1830308806947,30.0736337
325,primary_school,HIGHLAND HTS EL,-95.42090798137056,29.85002029744405
326,primary_school,HILL EL,-95.3057687,29.891057
327,primary_school,HILLIARD EL,-95.26959188991384,29.8366588498637
328,primary_school,HOBBY EL,-95.43768116199058,29.63585799085047
329,primary_school,HOLBROOK EL,-95.49859037805871,29.85735995
330,primary_school,HOLLIBROOK EL,-95.50778166091165,29.82645895
331,primary_school,HOLY GHOST CATHOLIC SCHOOL,-95.4779925,29.7638319
332,primary_school,HOLY TRINITY EPISCOPAL SCHOOL OF GREATER HOUSTON,-95.2116771,29.9333709
333,primary_school,HORN EL,-95.45245257394404,29.69323752864955
334,primary_school,HORNE EL,-95.4825354,29.8658292
335,primary_school,HOUSMAN EL,-95.46988589381425,29.8003778
336,primary_school,HOUSTON GATEWAY ACADEMY,-95.2901635,29.7144329
337,primary_school,HOUSTON GATEWAY ACADEMY - CORAL CAMPUS,-95.28852410204081,29.71638589795919
338,primary_school,HOUSTON GATEWAY ACADEMY INC ELITE COLLEGE PREP,-95.186697,30.083475
339,primary_school,HOUSTON PEACE ACADEMY,-95.5619352612785,30.00820642928377
340,primary_school,HOUSTON QURAN ACADEMY,-95.70441177777778,29.75909311111111
341,primary_school,HOYLAND EL,-95.43398949407782,29.9797007
342,primary_school,HUMBLE CHRISTIAN SCHOOL,-95.26507,29.961848
343,primary_school,HUMBLE EL,-95.27300006519103,30.0116906
344,primary_school,I T HOLLEMAN EL,-95.92391605514116,30.06727165
345,primary_school,ILM ACADEMY,-95.54899640441177,29.79059133823529
346,primary_school,ILTEXAS HOUSTON OREM EL,-95.290545,29.6270767
347,primary_school,ILTEXAS HOUSTON WINDMILL LAKES EL,-95.2404016381092,29.62620898578235
348,primary_school,ILTEXAS KATY EL,-95.8110591,29.8016863
349,primary_school,ILTEXAS WESTPARK EL,-95.5443545,29.7050343
350,primary_school,ISAACS EL,-95.31860306060605,29.79423275757576
351,primary_school,JACINTO CITY EL,-95.29712,29.764256
352,primary_school,JACK & SHARON RHOADS EL,-95.799349,29.8314035
353,primary_school,JACK M FIELDS SR EL,-95.2624391296795,29.96663515
354,primary_school,JAMES B HAVARD EL,-95.262272,29.792054
355,primary_school,JANOWSKI EL,-95.37071708908664,29.83015855
356,primary_school,JAPANESE EDUCATIONAL INSTITUTE,-95.60881534080094,29.75421340520706
357,primary_school,JEFFERSON EL,-95.36970888617886,29.80526560162602
358,primary_school,JENSEN EL,-95.17491925531915,29.65972446808511
359,primary_school,JESSUP EL,-95.250048,29.627174
360,primary_school,JOAN LINK EL,-95.46366693873755,29.9551762
361,primary_school,JOHN F WARD EL,-95.13752689795919,29.5826736122449
362,primary_school,JOHN WINSHIP EL,-95.40184493895876,30.07018715
363,primary_school,JONES EL,-95.293267,30.0147004
364,primary_school,JP DABBS EL,-95.1228269387755,29.6690946122449
365,primary_school,KAISER EL,-95.49379409187377,29.9726072
366,primary_school,KARDIA CHRISTIAN ACADEMY,-95.4349573,30.0751523
367,primary_school,KASHMERE GARDENS EL,-95.3171366969697,29.80495380808081
368,primary_school,KATY ADVENTIST CHRISTIAN SCHOOL,-95.81998977551021,29.79976167346939
369,primary_school,KELSO EL,-95.334133,29.682863
370,primary_school,KENNEDY EL,-95.394418,29.835633
371,primary_school,KENNEDY EL,-95.6021459530858,29.6715646
372,primary_school,KETELSEN EL,-95.363686,29.780744
373,primary_school,KIDS R KIDS #35 TX LAKESHORE,-95.16917777809098,29.96037603382094
374,primary_school,KINGWOOD MONTESSORI SCHOOL,-95.17114144897958,30.07240387755102
375,primary_school,KIPP CONNECT HOUSTON PRI,-95.5443545,29.7050343
376,primary_school,KIPP EXPLORE ACADEMY,-95.321299,29.727665
377,primary_school,KIPP LEGACY PREPARATORY,-95.262280814433,29.8524009072165
378,primary_school,KIPP SHARP PREP,-95.51136521132825,29.72476910129518
379,primary_school,KIPP ZENITH ACADEMY,-95.36838,29.641997
380,primary_school,KIRK EL,-95.59529852234884,29.8499712
381,primary_school,KLENK EL,-95.50617687846852,29.956678
382,primary_school,KOLTER EL,-95.46773702028202,29.67481652248531
383,primary_school,KREINHOP EL,-95.4315091,29.8856754
384,primary_school,KRUSE EL,-95.2636785,29.6840449
385,primary_school,KUJAWA EL,-95.49313756506169,29.9234095
386,primary_school,L E MONAHAN EL,-95.2045196,29.8595818
387,primary_school,LAKELAND EL,-95.25267563569437,29.98988945
388,primary_school,LAMKIN EL,-95.6541981,29.9978436
389,primary_school,LANDIS EL,-95.56166610460609,29.68571325
390,primary_school,LANTRIP EL,-95.2853893,29.622653
391,primary_school,LAURA WELCH BUSH EL,-95.2507591,29.6152692
392,primary_school,LAW EL,-95.364892,29.628144
393,primary_school,LEE EL,-95.6024899,29.86428565
394,primary_school,LEGACY ACADEMY - CHRISTIAN UNIVERSITY-MODEL SCHOOL,-94.692547,32.523909
395,primary_school,LEMM EL,-95.43788804168622,30.04020395
396,primary_school,LEWIS EL,-95.28314736842106,29.66468294736842
397,primary_school,LIEDER EL,-95.7142304,29.8462891
398,primary_school,LIESTMAN EL,-95.61623256935482,29.69290925
399,primary_school,LIGHTHOUSE BAPTIST ACADEMY,-94.9776846,29.7735754
400,primary_school,LOCKHART EL,-95.3658123614952,29.717342
401,primary_school,LONGFELLOW EL,-95.43215998977989,29.687102
402,primary_school,LOOSCAN EL,-95.35764943135206,29.795412
403,primary_school,LORAINE T GOLBOW EL,-95.7514897,29.8190211
404,primary_school,LORD OF LIFE LUTHERAN SCHOOL,-95.1900495,29.5480175
405,primary_school,LOVE EL,-95.40857971399153,29.7941111135095
406,primary_school,LOVETT EL,-95.46926097603244,29.68267735
407,primary_school,LUTHERAN SOUTH ACADEMY,-95.18751228571429,29.58616626530612
408,primary_school,MADING EL,-95.32863885,29.6593802
409,primary_school,MAE SMYTHE EL,-95.181096,29.682073
410,primary_school,MAHAFFEY EL,-95.590627,30.090246
411,primary_school,MARCELLA EL,-95.39469367626606,29.9347353
412,primary_school,MARGARET S MCWHIRTER EL,-95.120098,29.532837
413,primary_school,MARK WHITE EL,-95.5100054471458,29.73828188124012
414,primary_school,MARSHALL CHRISTIAN ACADEMY,-94.36422932653062,32.51361634693878
415,primary_school,MARSHALL EL,-95.29785087919464,29.89925641610738
416,primary_school,MARTIN EL,-95.58512802615664,29.6925244
417,primary_school,MARTINEZ C EL,-95.35928132160478,29.79056205
418,primary_school,MATZKE EL,-95.5848781,29.927448
419,primary_school,MAURICE L WOLFE EL,-95.64322546354484,29.77974645
420,primary_school,MAYDE CREEK EL,-95.7026886962108,29.8056117
421,primary_school,MCDOUGLE EL,-95.49961114747343,29.9295005
422,primary_school,MCMASTERS EL,-95.15649840816326,29.69554353061224
423,primary_school,MCMULLAN EL,-95.1385389,29.7770024
424,primary_school,MCNAMARA EL,-95.50415170447849,29.684162
425,primary_school,MEADOR ELEMENTARY,-95.229486,29.614179
426,primary_school,MEADOW WOOD EL,-95.59612151129488,29.77086175
427,primary_school,MEMORIAL EL,-95.42556,29.77024
428,primary_school,MEMORIAL LUTHERAN SCHOOL,-95.6309349,29.7356816
429,primary_school,METCALF EL,-95.668459,29.8335759
430,primary_school,METZLER EL,-95.55108028795728,30.115295
431,primary_school,MEYER EL,-95.43444968252302,30.005911
432,primary_school,MILDRED JENKINS EL,-95.35924621573203,30.04355295
433,primary_school,MILLSAP EL,-95.6855384,29.9952795
434,primary_school,MILNE EL,-95.514785,29.660617
435,primary_school,MITCHELL EL,-95.275505,29.608252
436,primary_school,MONTESSORI LEARNING INSTITUTE,-95.492554,29.688174
437,primary_school,MONTESSORI LEARNING INSTITUTE,-95.4947146578939,29.69095504561096
438,primary_school,MONTGOMERY EL,-95.43712310399147,29.62105228069555
439,primary_school,MOORE EL,-95.5913729,29.9967587
440,primary_school,MORENO EL,-95.37421721428571,29.87573221428571
441,primary_school,NEFF EL,-95.530494,29.701365
442,primary_school,NEW HEIGHTS CHRISTIAN ACADEMY,-95.442522,29.832534
443,primary_school,NORTH POINTE EL,-95.13506,29.604624
444,primary_school,NORTHAMPTON EL,-95.51983113281963,30.09999145
445,primary_school,NOTTINGHAM EL,-95.61179413925126,29.7682851
446,primary_school,OAK FOREST EL,-95.43470596809836,29.828312282454
447,primary_school,OATES EL,-95.25289371717172,29.79387908585858
448,primary_school,ODOM EL,-95.3825014,29.9242384
449,primary_school,OGDEN EL,-95.36456273925876,30.02589065
450,primary_school,OLESON EL,-95.32466064525377,29.90490775
451,primary_school,ORANGE GROVE EL,-95.461796,29.897508
452,primary_school,OSBORNE EL,-95.418493,29.875213
453,primary_school,OUR LADY OF FATIMA CATHOLIC SCHOOL,-95.23810207070707,29.73898263636364
454,primary_school,OUR LADY OF GUADALUPE SCHOOL,-95.34500520452875,29.7592228
455,primary_school,OUR SAVIOR LUTHERAN SCHOOL,-95.3999727,29.8453055
456,primary_school,OUTLEY EL,-95.59827078865729,29.72873995
457,primary_school,PARK LAKES EL,-95.2480659,29.9619668
458,primary_school,PARK PLACE EL,-95.27218517391304,29.68938615217391
459,primary_school,PARKER EL,-95.48216312195122,29.66533132926829
460,primary_school,PARKER EL,-95.403322559838,30.02595620501419
461,primary_school,PATTERSON EL,-95.2427036122449,29.68321381632653
462,primary_school,PEARL M HIRSCH EL,-95.3932987448014,30.05042045
463,primary_school,PECK EL,-95.33495437755101,29.70617703061225
464,primary_school,PETERSEN EL,-95.42434137883322,29.61857322737773
465,primary_school,PILGRIM ACADEMY,-95.4921730621018,29.72831626900482
466,primary_school,PILGRIM LUTHERAN SCHOOL,-95.4779925,29.7638319
467,primary_school,PINE SHADOWS EL,-95.5381734425413,29.8071549
468,primary_school,PINES MONTESSORI SCHOOL,-95.20108709326506,30.05391606991178
469,primary_school,PINEY POINT EL,-95.52098576190475,29.72604966666667
470,primary_school,PLEASANTVILLE EL,-95.27267668025186,29.76401051592941
471,primary_school,POE EL,-95.407028,29.72768
472,primary_school,POMEROY EL,-95.1830283265306,29.69800779591837
473,primary_school,POPE EL,-95.7193315,29.9513652
474,primary_school,PORT HOUSTON EL,-95.283762,29.759667
475,primary_school,PRESBYTERIAN SCHOOL,-95.4521507,29.6520498
476,primary_school,PUGH EL,-95.30730943801771,29.76832630143407
477,primary_school,PYBURN EL,-95.220092,29.762447
478,primary_school,RAYMOND EL,-95.3609428210361,29.9103958
479,primary_school,REAGAN K-8 EDUCATIONAL CTR,-95.45256319565216,29.60607267391304
480,primary_school,RED BLUFF EL,-95.18583202040817,29.70451055102041
481,primary_school,RED EL,-95.45302085714286,29.66623655102041
482,primary_school,REED ACADEMY,-95.36108781171154,29.91221395
483,primary_school,REED EL,-95.52628723872643,29.89389845
484,primary_school,RESURRECTION CATHOLIC SCHOOL,-95.30232132653062,29.77246024489796
485,primary_school,REYNOLDS EL,-95.3761343,29.6509176
486,primary_school,RICE SCH /LA ESCUELA RICE,-95.42057867631102,29.6979205
487,primary_school,RICHEY EL,-95.21507382142858,29.71584753571429
488,primary_school,RIDGECREST EL,-95.49386746078432,29.8098426
489,primary_school,RIVER OAKS ACADEMY,-95.4128024,29.7342681
490,primary_school,RIVER OAKS EL,-95.4186082,29.7273064
491,primary_school,RL FINNEY CHRISTIAN ACADEMEY,-95.355432,29.611605
492,primary_school,ROBERT M BEREN ACADEMY,-95.45616824999999,29.6554812826087
493,primary_school,ROBERTS EL,-95.412735,29.712492
494,primary_school,ROBERTS ROAD EL,-95.81376195577754,30.0242021
495,primary_school,ROBINSON EL,-95.21379351726046,29.78822758299754
496,primary_school,ROBISON EL,-95.68587377579591,29.9719563
497,primary_school,RODERICK R PAIGE EL,-95.337783,29.827313
498,primary_school,ROOSEVELT EL,-95.37391797520752,29.8183084
499,primary_school,ROSEHILL CHRISTIAN SCHOOL,-95.6646589,30.0796754
500,primary_school,ROSEHILL EL,-95.6416109,30.0893624
501,primary_school,ROSS EL,-95.34176102040816,29.80036120408163
502,primary_school,RUCKER EL,-95.2425384925691,29.69398256488152
503,primary_school,RUMMEL CREEK EL,-95.57069047974964,29.7741811
504,primary_school,SALYERS EL,-95.3512693,29.7703635
505,primary_school,SAM HOUSTON EL,-95.153626,29.771497
506,primary_school,SANCHEZ EL,-95.283525,29.702635
507,primary_school,SCARBOROUGH EL,-95.3373359129244,29.871181030413
508,primary_school,SCHOOL AT ST GEORGE PLACE,-95.47279451304198,29.73528430393949
509,primary_school,SCHOOL OF SCIENCE AND TECHNOLOGY ADVANCEMENT,-95.5536739387755,29.72038812244898
510,primary_school,SCHOOL OF SCIENCE AND TECHNOLOGY EXCELLENCE,-95.39899144117646,29.94017736764706
511,primary_school,SCHOOL OF SCIENCE AND TECHNOLOGY HOUSTON,-95.5547253,29.966164
512,primary_school,SCHOOL OF THE WOODS,-95.4850152244898,29.79323859183674
513,primary_school,SCHULTZ EL,-95.54912417670218,30.0941375
514,primary_school,SCROGGINS EL,-95.299035,29.781979
515,primary_school,SECOND BAPTIST SCHOOL,-95.49725389795918,29.75595318367347
516,primary_school,SEGUIN EL,-95.3061171,29.6784598
517,primary_school,SER-NINOS CHARTER EL,-95.48055284848485,29.7194596969697
518,primary_school,SER-NINOS CHARTER EL II,-95.48055284848485,29.7194596969697
519,primary_school,SHADOW FOREST EL,-95.1652802912206,30.0692701
520,primary_school,SHADOW OAKS EL,-95.55465356560228,29.79233935
521,primary_school,SHADOWBRIAR EL,-95.59819755140856,29.7343743943514
522,primary_school,SHADYDALE EL,-95.2844125,29.8488463
523,primary_school,SHEARN EL,-95.43978333333332,29.67667166666667
524,primary_school,SHERMAN EL,-95.35259036006704,29.7794422
525,primary_school,SHERWOOD EL,-95.47205420741136,29.776025
526,primary_school,SHERWOOD FOREST MONTESSORI SCHOOL,-95.579651,29.790441
527,primary_school,SINCLAIR EL,-95.42789714285715,29.79344528571428
528,primary_school,SMALLER SCHOLARS MONTESSORI,-95.60596142857142,29.74987085714286
529,primary_school,SMITH EL,-95.46249930612245,29.83854
530,primary_school,SMITH EL,-95.38071952984996,30.0702612
531,primary_school,SMITH EL,-95.4750146291349,29.86261765
532,primary_school,SMITH EL,-95.57813653241473,29.66263675
533,primary_school,SNEED EL,-95.54390141382186,29.72509665
534,primary_school,SOUTH SHAVER EL,-95.20907606470686,29.68271867820241
535,primary_school,SOUTHAMPTON MONTESSORI SCHOOL,-95.415066,29.72094
536,primary_school,SOUTHMAYD EL,-95.288491,29.710009
537,primary_school,SOUTHWEST SCHOOLS MANGUM EL CAMPUS,-95.4593146,29.8181219
538,primary_school,SPACE CITY PREPARATORY,-95.185948,29.65620068
539,primary_school,SPENCE EL,-95.4332786,29.9461633
540,primary_school,SPRING BAPTIST ACADEMY,-95.423556,30.072019
541,primary_school,SPRING BRANCH ACADEMIC INSTITUTE,-95.60073648056235,29.7760132
542,primary_school,SPRING BRANCH EL,-95.51508752762453,29.80134715
543,primary_school,SPRING SHADOW EL,-95.53282278332073,29.8207277
544,primary_school,ST AMBROSE SCHOOL,-95.46212221291492,29.82962444349473
545,primary_school,ST ANNE CATHOLIC SCHOOL,-95.41212218181819,29.74264727272727
546,primary_school,ST ANNE CATHOLIC SCHOOL,-95.61163936577181,30.08422409731544
547,primary_school,ST AUGUSTINE CATHOLIC SCHOOL,-95.237875,29.678768
548,primary_school,ST CATHERINES MONTESSORI,-95.43224154445761,29.6767289488735
549,primary_school,ST CECILIA CATHOLIC SCHOOL,-95.52991851020408,29.77809781632653
550,primary_school,ST CHRISTOPHER CATHOLIC SCHOOL,-95.27558,29.686825
551,primary_school,ST CLARE OF ASSISI CATHOLIC SCHOOL,-95.11902966985072,29.5917501
552,primary_school,ST EDWARD CATHOLIC SCHOOL,-95.45676899222823,30.08275659465571
553,primary_school,ST ELIZABETH ANN SETON SCHOOL,-95.6449252,29.7965844
554,primary_school,ST FRANCIS DE SALES SCHOOL,-95.527895,29.699916
555,primary_school,ST JEROME CATHOLIC SCHOOL,-95.51026129158139,29.82104928941677
556,primary_school,ST JOSEPH CATHOLIC SCHOOL,-95.00081391275168,29.72455368456376
557,primary_school,ST MARK LUTHERAN SCHOOL,-95.493323172574,29.79718072299127
558,primary_school,ST MARK'S EPISCOPAL SCHOOL,-95.5443545,29.7050343
559,primary_school,ST MARTHA CATHOLIC SCHOOL,-95.20989856214192,30.064667
560,primary_school,ST MARY MAGDALENE SCHOOL,-95.2562030988832,29.99201084605243
561,primary_school,ST MARY OF THE PURIFICATION MONTESSORI SCHOOL,-95.36871580808081,29.71993347474747
562,primary_school,ST PETER THE APOSTLE SCHOOL,-95.36142508163265,29.70272167346939
563,primary_school,ST ROSE OF LIMA CATHOLIC SCHOOL,-95.415797,29.819848
564,primary_school,ST STEPHEN'S EPISCOPAL SCHOOL,-95.404659,29.737821
565,primary_school,ST THERESA CATHOLIC SCHOOL,-95.42946923694718,29.77361806994813
566,primary_school,ST THOMAS EPISCOPAL SCHOOL,-95.464096,29.684874
567,primary_school,ST THOMAS MORE PARISH SCHOOL,-95.4944492269472,29.6692904050625
568,primary_school,ST THOMAS THE APOSTLE EPISCOPAL SCHOOL,-95.0894993,29.5497181
569,primary_school,ST VINCENT DE PAUL CATHOLIC SCHOOL,-95.42754083673469,29.70595636734694
570,primary_school,STEHLIK EL,-95.421666,29.91503
571,primary_school,STEP BY STEP CHRISTIAN SCHOOL,-95.6116403590604,30.08436307718121
572,primary_school,STEPHENS EL,-95.34788563157812,29.90057905
573,primary_school,STEVENS EL,-95.44632855555555,29.826881
574,primary_school,STJOHN PAUL II CATHOLIC SCHOOL,-95.633431,29.760274
575,primary_school,STUCHBERY EL,-95.21849046938776,29.59542881632653
576,primary_school,SUMMERWOOD EL,-95.17613119007098,29.92801635
577,primary_school,SUTTON EL,-95.50071257989072,29.69823696457087
578,primary_school,T H ROGERS SCHOOL,-95.48365018518518,29.75011007407408
579,primary_school,TEAGUE EL,-95.179197,29.640574
580,primary_school,TERRACE EL,-95.55024404032224,29.8196437
581,primary_school,TEXAS CHRISTIAN SCHOOL,-95.7142304,29.8462891
582,primary_school,TEXAS CONNECTIONS ACADEMY AT HOUSTON,-95.3829949,29.7341038
583,primary_school,TEXAS SERENITY ACADEMY - GANO,-95.39694153497828,29.9378668
584,primary_school,THE AWTY INTERNATIONAL SCHOOL,-95.45941434693877,29.78726248979592
585,primary_school,THE BANFF SCHOOL,-95.5164144,29.9414297
586,primary_school,THE BRANCH SCHOOL,-95.579469,29.791489
587,primary_school,THE BRIARWOOD SCHOOL,-95.59658135714285,29.74757278571429
588,primary_school,THE CONNECTION SCHOOL OF HOUSTON,-95.70383914804832,29.97072587364212
589,primary_school,THE COVENANT PREPARATORY SCHOOL,-95.2289756122449,30.02817206122449
590,primary_school,THE CROSSROADS SCHOOL,-95.481504,29.734356
591,primary_school,THE FAY SCHOOL,-95.45930526278045,29.7665521
592,primary_school,THE GALLOWAY SCHOOL,-95.163584,29.516197
593,primary_school,THE HARRIS SCHOOL,-95.49792912571256,29.7130952605877
594,primary_school,THE IMANI SCHOOL,-95.4651759,29.6202058
595,primary_school,THE JOY SCHOOL,-95.388116,29.730146
596,primary_school,THE KIPLING SCHOOL,-95.40906190000001,29.7677483
597,primary_school,THE MONARCH SCHOOL,-95.53679647674419,29.82282630232558
598,primary_school,THE OAKS ADVENTIST CHRISTIAN SCHOOL,-95.6732211,30.0243099
599,primary_school,THE POST OAK SCHOOL,-95.455736,29.713931
600,primary_school,THE RHODES SCHOOL - HUMBLE,-95.26249123850207,30.00224264618387
601,primary_school,THE RHODES SCHOOL - NORTHSHORE,-95.262272,29.792054
602,primary_school,THE RHODES SCHOOL - NW,-95.473509,29.861235
603,primary_school,THE RHODES SCHOOL - SOUTHEAST,-95.11339783663709,29.79897780617269
604,primary_school,THE VARNETT SCHOOL SOUTHEAST,-95.46690070198244,29.65710199850569
605,primary_school,THE VILLAGE SCHOOL,-95.61837640578744,29.74729849799714
606,primary_school,THOMPSON EL,-95.36322863265306,29.70589326530612
607,primary_school,THOMPSON EL,-95.40172515201762,29.9222364
608,primary_school,THORNWOOD EL,-95.60073648056235,29.7760132
609,primary_school,TICE EL,-95.262272,29.792054
610,primary_school,TIJERINA EL,-95.310629,29.740699
611,primary_school,TIMBER CREEK EL,-95.5125564,30.141778
612,primary_school,TIPPS EL,-95.668459,29.8335759
613,primary_school,TOMBALL EL,-95.6221243,30.0994016
614,primary_school,TORAH DAY SCHOOL,-95.508582,29.661811
615,primary_school,TRAFTON ACADEMY,-95.45700474310415,29.6680471
616,primary_school,TRAVIS EL,-95.37474296628884,29.78881985
617,primary_school,TREASURE FOREST EL,-95.4798147923826,29.8053379
618,primary_school,TRINITY EPISCOPAL SCHOOL,-94.3748361,32.5275319
619,primary_school,TURNER EL,-95.1674962979798,29.64715400505051
620,primary_school,TWAIN EL,-95.43722159060404,29.69885856375839
621,primary_school,TWO DIMENSIONS PREPARATORY ACADEMY,-95.47892169387755,29.96210665306123
622,primary_school,VALLEY OAKS EL,-95.49437099762335,29.7957234
623,primary_school,VALLEY WEST EL,-95.52800464567,29.66442794228654
624,primary_school,VERITAS CHRISTIAN ACADEMY,-95.47255683333333,29.70272725
625,primary_school,VIOLA COBB EL,-95.1385389,29.7770024
626,primary_school,WAINWRIGHT EL,-95.46908977586207,29.82228144827586
627,primary_school,WALLER H S,-95.9108751,30.1281421
628,primary_school,WEDGEWOOD EL,-95.18194343434344,29.52727993939394
629,primary_school,WELLS EL,-95.739471,29.991307
630,primary_school,WESLEY ACADEMY,-95.55575895321158,29.7232074
631,primary_school,WESLEY EL,-95.421087,29.863006
632,primary_school,WEST UNIVERSITY EL,-95.403487,29.7123693
633,primary_school,WESTBURY CHRISTIAN SCHOOL,-95.4999475,29.7172678
634,primary_school,WESTERN ACADEMY,-95.53604678345684,29.79685089591302
635,primary_school,WESTSIDE MONTESSORI SCHOOL,-95.62867717066587,29.75581058903427
636,primary_school,WESTVIEW SCHOOL,-95.5669259637429,29.8137901902686
637,primary_school,WESTWOOD EL,-95.55764544229874,29.8103157
638,primary_school,WHARTON K-8 DUAL LANGUAGE ACADEMY,-95.39069959091165,29.75410885
639,primary_school,WHIDBY EL,-95.37510900699624,29.68208455
640,primary_school,WHITE E EL,-95.541998,29.696547
641,primary_school,WILCHESTER EL,-95.58050974931339,29.78229485
642,primary_school,WILLBERN EL,-95.56130545529864,29.92186045
643,primary_school,WILLIAMS ELEMENTARY,-95.22800198387097,29.68780217741935
644,primary_school,WILSON EL,-95.46807718431874,29.9178098
645,primary_school,WILSON EL,-95.7142304,29.8462891
646,primary_school,WILSON MONTESSORI,-95.398677,29.747743
647,primary_school,WINDSOR VILLAGE EL,-95.46980508527044,29.61691942635217
648,primary_school,WOODLAND ACRES EL,-94.9337293,29.8038074
649,primary_school,WOODLAND HILLS EL,-95.21346399222405,30.0586604
650,primary_school,WOODSON SCHOOL,-95.36539169824911,29.64306364437567
651,primary_school,WOODVIEW EL,-95.53295063958996,29.7903265
652,primary_school,WORSHAM EL,-95.34100913177457,29.88557215
653,primary_school,YEAGER EL,-95.5765044,30.0567316
654,primary_school,YELLOWSTONE ACADEMY,-95.356508,29.738111
655,primary_school,YESHIVA TORAT EMET,-95.5109898367347,29.65538289795918
656,primary_school,YORKSHIRE ACADEMY,-95.592952,29.770098
657,primary_school,YOUNG EL,-95.19843914285715,29.64803697857143
658,primary_school,YOUNG SCHOLARS ACADEMY FOR EXCELLENCE,-95.37122955759762,29.7545997
659,primary_school,ZELMA HUTSELL EL,-95.8142688002614,29.80249905
660,primary_school,ZWINK EL,-95.48735050628378,30.08635225
661,supermarket,99 Cent Only Store,-95.29570221756127,29.71821310904264
662,supermarket,99 Ranch Market,-95.59953104553409,29.58862594582973
663,supermarket,A-1 Supermarket,-95.26562329356636,29.95687205715071
664,supermarket,ALDI,-95.74227900578298,29.66408703520455
665,supermarket,African Market,-95.68245741257182,29.85357639454258
666,supermarket,Al-Ahad Meat and Grocers,-95.70463350787364,29.83226099964181
667,supermarket,Aldi,-95.45195719958363,30.07109369831659
668,supermarket,Aldi,-95.40976908366301,29.82295309146359
669,supermarket,Aldi,-95.68464660970662,29.90455038424608
670,supermarket,Aldi,-95.48590484144354,29.99367647724891
671,supermarket,Aldi,-95.58269924728737,29.6464766334214
672,supermarket,Aldi,-95.64299240571907,29.71803768283074
673,supermarket,Aldi,-95.48579146000293,29.91609617505107
674,supermarket,Aldi,-95.1737837363252,29.99687684780793
675,supermarket,Aldi,-95.7182512022405,29.85795272187979
676,supermarket,Aldi,-95.09753837083363,29.6636796135787
677,supermarket,Aldi,-95.39882267232075,29.55505299500529
678,supermarket,Aldi,-95.36334554197302,29.70136178478309
679,supermarket,Aldi,-95.5015416661288,29.689481721883
680,supermarket,Aldi,-95.64655273637409,29.8616364966701
681,supermarket,Aldi Market,-95.54761556079066,29.543042253436
682,supermarket,Aldi Nord,-94.97935109592777,29.78348788493169
683,supermarket,Arlan's Market,-95.05940248485325,29.5673170321693
684,supermarket,Brookshire Brothers,-94.88468031847525,30.04620645872543
685,supermarket,Brookshire Brothers,-95.8098504554821,29.80033013873947
686,supermarket,Central Market - H-E-B,-95.44405451254647,29.74103587638599
687,supermarket,Cà Mau Food Market,-95.70027130678675,29.88098488957677
688,supermarket,Desi Grocers,-95.4787916598084,29.95980986590051
689,supermarket,Dollar Store,-94.94566071763697,29.48590324522631
690,supermarket,Dong Khanh Market,-95.64839002207816,29.83561699703288
691,supermarket,El Ahorra Supermarket,-95.48347597033495,29.6988308193589
692,supermarket,El Ahorro,-95.52323615464393,29.8225863954113
693,supermarket,El Ahorro Supermarket,-95.30431916562986,29.73448878199551
694,supermarket,El Ahorro Supermarket,-95.38570268813287,29.86064058293776
695,supermarket,El Rancho,-95.46541154252118,29.82068557382549
696,supermarket,Fiesta,-95.2881601155398,29.67197981027812
697,supermarket,Fiesta,-95.35921213347018,29.78145337323308
698,supermarket,Fiesta,-95.49134095598535,29.70645012206518
699,supermarket,Fiesta,-95.328441010271,29.69334281525013
700,supermarket,Fiesta,-95.53003095960405,29.67232882635546
701,supermarket,Fiesta,-95.36698061876868,29.79736588323984
702,supermarket,Fiesta,-95.41511128821021,29.690220518814
703,supermarket,Fiesta,-95.72201920136543,29.87816439089796
704,supermarket,Fiesta,-95.78977949920682,29.56127114280167
705,supermarket,Fiesta,-95.40438968083936,29.91615477224016
706,supermarket,Fiesta,-95.38527358931945,29.83670058781689
707,supermarket,Fiesta,-95.33473901506366,29.86349080261189
708,supermarket,Fiesta,-95.63885996943348,29.70320408172014
709,supermarket,Fiesta Mart,-95.31082924312646,29.73076304297978
710,supermarket,Fiesta Mart,-95.74908879883915,29.78096801160545
711,supermarket,Fiesta Mart,-95.64466832297246,29.83686059665213
712,supermarket,Fiesta Mart Supermarket,-95.5253444641036,29.59739134154711
713,supermarket,Food Fair Supermarket,-95.38834717890684,30.04869124466393
714,supermarket,Food Town,-94.96546554852799,29.76039702521542
715,supermarket,Food Town,-95.50765896524902,29.67401782525511
716,supermarket,Food Town,-95.64882382005553,29.87798178842007
717,supermarket,Food Town,-95.12463156310585,29.68108451090608
718,supermarket,Food Town,-95.33012027364938,29.5611423434617
719,supermarket,Food Town,-95.40611498243005,29.8711737814842
720,supermarket,Food Town,-95.38341495531871,29.86952505704382
721,supermarket,Food Town,-95.4612905761691,29.94042699024714
722,supermarket,Food Town,-94.9969319589305,29.77162937896702
723,supermarket,Food Town,-95.14011346442567,29.56023093631775
724,supermarket,Food Town,-95.21292731896533,30.15594441670362
725,supermarket,Foodarama,-95.46488201070501,29.66235943120113
726,supermarket,Foodarama,-95.49132796882647,29.68754882193376
727,supermarket,Foodarama,-95.43130401408186,29.80214835545134
728,supermarket,Foodarama,-95.46632457931875,29.59457444014716
729,supermarket,Foodarama,-95.5267124644105,29.58241974466209
730,supermarket,Fortune One Foods,-95.41590268302768,29.80208639593945
731,supermarket,H-E-B,-95.1835908602376,30.05309669765999
732,supermarket,H-E-B,-95.1269324497995,29.60630470138143
733,supermarket,H-E-B,-95.2649714554758,29.55819756989552
734,supermarket,H-E-B,-95.25174869702532,30.06859329586284
735,supermarket,H-E-B,-94.85000866728443,29.82750786648482
736,supermarket,H-E-B,-95.71340363332935,29.65995291607356
737,supermarket,H-E-B,-95.64765479473814,29.84732947362172
738,supermarket,H-E-B,-95.50188141377103,30.07181434590883
739,supermarket,H-E-B,-95.48515179172315,29.74795112636489
740,supermarket,H-E-B,-95.72522981332618,29.92709404206262
741,supermarket,H-E-B,-95.38752641640086,30.10770585562326
742,supermarket,H-E-B,-95.74755844738515,29.55170409734384
743,supermarket,H-E-B,-95.84840026926705,29.71980192644133
744,supermarket,H-E-B,-94.97737066790184,29.79552007538872
745,supermarket,H-E-B,-95.64593173483884,29.60794821043147
746,supermarket,H-E-B,-95.52738332951742,30.02238572284487
747,supermarket,H-E-B,-95.6390557758621,30.00296192766806
748,supermarket,H-E-B,-95.81599539459245,29.69572560824607
749,supermarket,H-E-B,-95.37683900695917,29.7139417316601
750,supermarket,H-E-B,-95.03876795083467,29.50564797922083
751,supermarket,H-E-B,-95.5769469374023,30.05375399819263
752,supermarket,H-E-B,-95.09676669588522,29.66701289286644
753,supermarket,H-E-B,-95.46411005374866,29.68845537382931
754,supermarket,H-E-B,-95.58604452859743,29.91100056153892
755,supermarket,H-E-B,-95.11780380539616,29.55470113171574
756,supermarket,H-E-B,-95.57611085729518,29.99534546603343
757,supermarket,H-E-B,-95.53649348690631,29.53677281135104
758,supermarket,H-E-B,-95.42716957948939,29.72706739467357
759,supermarket,H-E-B,-95.6852597366885,29.56500852553673
760,supermarket,H-E-B,-95.716734706718,29.78928250880809
761,supermarket,H-E-B,-95.44575325356425,30.12760129561239
762,supermarket,H-E-B,-95.16446739755699,30.0004226527614
763,supermarket,H-E-B,-95.40277033324473,29.73811673458476
764,supermarket,H-E-B,-95.19699648571495,29.92303615071119
765,supermarket,H-E-B,-95.53247980584702,29.78764579186088
766,supermarket,H-E-B,-95.40885518459625,29.80735609462169
767,supermarket,H-E-B,-95.54737852052432,29.82140439047704
768,supermarket,H-E-B,-95.46675787351484,30.16362689503139
769,supermarket,H-E-B,-95.39666318944201,29.76879670209624
770,supermarket,H-E-B,-95.58725466619248,29.7351376224481
771,supermarket,H-E-B,-95.29488859164441,29.69846755306694
772,supermarket,H-E-B,-95.1909118207661,29.50543395730574
773,supermarket,H-E-B,-95.75044710256685,29.75697641853879
774,supermarket,H-E-B,-95.64163360961135,29.70577079028983
775,supermarket,H-E-B,-95.25011832538166,29.60175165743675
776,supermarket,H-E-B,-95.6292403144294,30.08862880193768
777,supermarket,H-E-B,-95.44993236621303,30.0686831127364
778,supermarket,H-E-B,-95.39034470530692,29.55927244685538
779,supermarket,H-E-B,-95.77588938705321,29.71277476741129
780,supermarket,H-E-B,-95.46979405545602,29.70737347814769
781,supermarket,H-E-B,-95.58264399528854,29.57855866532622
782,supermarket,H-E-B,-95.14457258041192,29.6486476302515
783,supermarket,H-E-B,-95.67335326718056,29.95751333908964
784,supermarket,H-E-B,-95.54947840623653,30.14442969982788
785,supermarket,H-E-B,-95.55981511616184,29.69106740952715
786,supermarket,H-E-B,-95.82245322448162,29.7733592476569
787,supermarket,H-E-B,-95.74444271343927,29.99250045344857
788,supermarket,Harvest Natural Market,-95.79829788765979,29.75049081948876
789,supermarket,Hong Kong Food Market,-95.57739104621432,29.70136072201662
790,supermarket,Hong Kong Market,-95.21336844448312,29.58633923338071
791,supermarket,Hubbell & Hudson Market,-95.45882775565715,30.16122282424129
792,supermarket,Joe V's,-94.9751688410276,29.76045825053063
793,supermarket,Joe V's,-95.48371016434791,29.83162259221628
794,supermarket,Joe V's Smart Shop,-95.47756327586012,29.60788253779422
795,supermarket,Jusgo,-95.54687965381213,29.70584642006722
796,supermarket,Jusgo Supermarket,-95.60030124532157,29.58898594578184
797,supermarket,Kim Hung Market,-95.35523926286578,29.75054949242768
798,supermarket,Kroger,-95.39186129182178,29.7429825072187
799,supermarket,Kroger,-95.81002169828926,29.7366872226986
800,supermarket,Kroger,-95.55270293379458,30.11459283699453
801,supermarket,Kroger,-95.59942963747562,29.77113680851085
802,supermarket,Kroger,-95.12476796843822,29.55858783614575
803,supermarket,Kroger,-95.58429845104187,29.5516894528879
804,supermarket,Kroger,-95.34893251685624,29.56054543921199
805,supermarket,Kroger,-95.48643686521164,29.79681889941868
806,supermarket,Kroger,-95.23652841195305,30.13327697314656
807,supermarket,Kroger,-95.40045148687311,29.8045674949058
808,supermarket,Kroger,-95.12056426867319,29.57797063200892
809,supermarket,Kroger,-95.4111994847894,29.78962669832791
810,supermarket,Kroger,-95.18712452970743,30.06667363401052
811,supermarket,Kroger,-95.63426131398877,30.09204294442067
812,supermarket,Kroger,-95.38166087740468,30.1185188302189
813,supermarket,Kroger,-95.44845711381352,30.08556181025225
814,supermarket,Kroger,-95.77018249203864,29.81264550587749
815,supermarket,Kroger,-95.21505907853995,29.97897272289175
816,supermarket,Kroger,-95.03218668807827,29.65356261347128
817,supermarket,Kroger,-95.72130700546721,29.79116570858052
818,supermarket,Kroger,-95.56549385532334,29.56362614981251
819,supermarket,Kroger,-95.40737577056036,30.12402682999722
820,supermarket,Kroger,-95.43405756842833,30.02183915171848
821,supermarket,Kroger,-95.68958820678907,29.91900534047714
822,supermarket,Kroger,-95.73826161181647,29.66387946611122
823,supermarket,Kroger,-95.75377779367389,29.73556837801457
824,supermarket,Kroger,-95.72169786126557,29.86006988856735
825,supermarket,Kroger,-95.62159730172972,29.99405547587216
826,supermarket,Kroger,-95.46395262163708,29.6692808537517
827,supermarket,Kroger,-95.34043286314053,29.7397381451415
828,supermarket,Kroger,-95.54400080671775,29.81405652786133
829,supermarket,Kroger,-95.4320299946991,29.82884062601977
830,supermarket,Kroger,-95.4914933777833,29.97681086987632
831,supermarket,Kroger,-95.48619853522861,30.04040527074968
832,supermarket,Kroger,-95.51710919168949,30.07583305162279
833,supermarket,Kroger,-95.53159434233031,30.00294947994423
834,supermarket,Kroger,-95.6332876660592,29.58534569563297
835,supermarket,Kroger,-95.55563678568352,29.90407995890233
836,supermarket,Kroger,-95.47785438920633,29.91229097455396
837,supermarket,Kroger,-95.55276898255114,30.03271306562684
838,supermarket,Kroger,-95.64942843618256,29.64796217136566
839,supermarket,Kroger,-95.56591530245103,29.98332351512526
840,supermarket,Kroger,-95.58356486537043,29.90792773107933
841,supermarket,Kroger,-95.58238391468235,29.95172455712324
842,supermarket,Kroger,-95.64101468898976,29.67826435388826
843,supermarket,Kroger,-95.62744097693164,29.75747934025124
844,supermarket,Kroger,-95.60674043937298,29.86539238453948
845,supermarket,Kroger,-95.60445756530086,29.92403173752021
846,supermarket,Kroger,-95.63172928830966,29.9025289208358
847,supermarket,Kroger,-95.68557283851753,29.8814373559795
848,supermarket,Kroger,-95.6901656172772,29.97091083594962
849,supermarket,Kroger,-95.77842020538709,29.75806219827008
850,supermarket,Kroger,-95.60529097081417,29.75242815152935
851,supermarket,Kroger,-95.64370875371036,29.87026875481473
852,supermarket,Kroger,-95.38986297539019,29.58306696795064
853,supermarket,Kroger,-95.40551098183138,29.75410353540427
854,supermarket,Kroger,-95.68590810118317,29.70865506920063
855,supermarket,Kroger,-95.54530187285783,29.73638144977087
856,supermarket,Kroger,-95.50009192488848,29.74825128381047
857,supermarket,Kroger,-95.38983412399021,29.77329477394361
858,supermarket,Kroger,-95.16091572343979,30.00107523750538
859,supermarket,Kroger,-95.20387487787424,29.92468341561012
860,supermarket,Kroger,-95.81150670551976,29.70058624510342
861,supermarket,Kroger,-95.43088892952895,29.72725620476081
862,supermarket,Kroger,-95.24296146812233,30.07204607585335
863,supermarket,Kroger,-95.21490856335215,29.60316109996934
864,supermarket,Kroger,-95.20585901062056,29.5356211105781
865,supermarket,Kroger Marketplace,-95.75073404202158,29.54151351953443
866,supermarket,Kroger Marketplace,-95.84391944548376,29.76286819652353
867,supermarket,La Michoacana Meat Market,-95.68399131158672,29.86672039191984
868,supermarket,La Michoacana Meat Market,-95.39165288561584,29.88266617864114
869,supermarket,La Pasadita,-95.66712481536095,29.87846798894974
870,supermarket,Michoacana Market,-95.20345665028968,29.78424040037294
871,supermarket,Nourish Market,-95.52097455663001,29.79119310174453
872,supermarket,O-Lan O Supermarket,-95.42118279415484,29.85822819264451
873,supermarket,Phoenicia Speciality Foods,-95.3616240990621,29.75432030387162
874,supermarket,Placemark,-95.48000835629367,30.02992495166679
875,supermarket,Placemark,-95.68280441266621,29.84952109538003
876,supermarket,Placemark,-95.62616393230135,29.73408381698358
877,supermarket,Placemark,-95.50793534625892,30.07100939328335
878,supermarket,Placemark,-95.59920071253266,29.77116922449645
879,supermarket,R & R Produce,-95.55782635473663,29.62163973766907
880,supermarket,Raj Grocers,-95.14491806294703,29.56585123531898
881,supermarket,Randalls,-95.50886387620905,29.97965676389751
882,supermarket,Randalls,-95.71700200709155,29.77942851082477
883,supermarket,Randalls,-95.47216652820804,30.14039731093738
884,supermarket,Randalls,-95.4657522346485,29.74879734453362
885,supermarket,Randalls 1011,-95.60717576746701,29.77180632963785
886,supermarket,Randalls 1022,-95.58402127550912,29.65645277442476
887,supermarket,Randalls 1041,-95.458809253798,29.67278639386016
888,supermarket,Randalls 1061,-95.42584965181864,29.70472997120374
889,supermarket,Randalls 1066,-95.55932787960148,29.77384013359431
890,supermarket,Randalls 1247,-95.57011095545845,29.7377037563422
891,supermarket,Randalls 1772,-95.71889590907672,29.81355567093826
892,supermarket,Randalls 1773,-95.3744298840205,29.74895654140443
893,supermarket,Randalls 1857,-95.67073288991924,29.95598523130955
894,supermarket,Randalls 1858,-95.37943026931426,29.55439529649359
895,supermarket,Randalls 2051,-95.06312624614257,29.53865544220981
896,supermarket,Randalls 2670,-95.74224127265137,29.62202247479257
897,supermarket,Randalls 2672,-95.68370889318955,29.83278914981792
898,supermarket,Randalls 2961,-95.53716715783278,29.73872674501556
899,supermarket,Randalls 3064,-95.46976199251428,29.70624553337751
900,supermarket,Randalls 3070,-95.74982930659398,29.75989302292354
901,supermarket,Randalls 4033,-95.44245066181527,29.72173051528349
902,supermarket,Randalls 4062,-95.14064172085868,29.59303861057286
903,supermarket,Rice Epicurean Market,-95.48637466747071,29.74659730968327
904,supermarket,Rice Epicurean Market,-95.55149604990787,29.76702440771996
905,supermarket,Richmond Foods,-95.76339336099366,29.58262032055396
906,supermarket,Riveredge Grocery,-95.75465749315629,29.58407513696346
907,supermarket,Seller's Brothers,-95.52564675456847,29.81053579795372
908,supermarket,Sellers Bros Food Market,-95.3128392134565,29.711708010956
909,supermarket,Shapla Grocers & Halal Meat,-95.6702744151301,29.86578969163843
910,supermarket,Speedy Mart,-95.43050867929372,29.80196339646209
911,supermarket,Sprouts Farmers Market,-95.40023728826806,29.77459310103126
912,supermarket,Sprouts Farmers Market,-95.64690760242901,29.88054357283269
913,supermarket,Sprouts Farmers Market,-95.58754413161161,30.01197166005003
914,supermarket,Sprouts Farmers Market,-95.34820522515041,29.55807296869611
915,supermarket,Super H Mart,-95.52075421062935,29.79246644547691
916,supermarket,Supermercado Gigante,-95.68787751309759,29.81118340336111
917,supermarket,Target,-95.41913146306497,29.69284323441225
918,supermarket,Target,-95.70980953732949,29.65806619133752
919,supermarket,Target,-95.71604700721318,29.78214991023778
920,supermarket,Texas Food Supermarket,-95.7085629068978,29.83166769989715
921,supermarket,Thang Hung Food Market,-95.52493715427647,29.82108259577634
922,supermarket,Thrif-Tee Food Center,-94.8923289065371,30.04546952814081
923,supermarket,Trader Joe's,-95.41116228704809,29.7391952086482
924,supermarket,Trader Joe's,-95.50162086329726,29.75274140894423
925,supermarket,Trader Joe's,-95.77534859395878,29.74041302076066
926,supermarket,Trader Joe's,-95.53581463524698,30.17637642386942
927,supermarket,Trader Joe's,-95.58239012942481,29.73537337523493
928,supermarket,Vishala Grocery,-95.62478483247412,29.73811021611467
929,supermarket,Walmart Neighborhood Market,-95.73107905543907,29.75846934557529
930,supermarket,Walmart Neighborhood Market,-95.41577382492626,29.55632704130909
931,supermarket,Walmart Neighborhood Market,-95.683263482359,29.89794988754091
932,supermarket,Walmart Neighborhood Market,-95.58607265861477,29.68741731016091
933,supermarket,Walmart Neighborhood Market,-95.19315357620843,29.97801651333207
934,supermarket,Walmart Neighborhood Market,-95.61048888415162,29.98128909508205
935,supermarket,Walmart Neighborhood Market,-95.79302688929376,29.74398482063432
936,supermarket,Walmart Neighborhood Market,-95.21450702255282,30.06932783441948
937,supermarket,Walmart Neighborhood Market,-95.64485146959281,29.84424900015317
938,supermarket,Walmart Neighborhood Market,-95.40597497367108,30.06434774208893
939,supermarket,Walmart Neighborhood Market,-95.49548594434424,29.67441745076271
940,supermarket,Walmart Neighborhood Market,-95.53001596028528,29.65700082949273
941,supermarket,Walmart Neighborhood Market,-95.68057190902756,29.94237477641566
942,supermarket,Walmart Neighborhood Market,-95.61739293817853,29.65209483344095
943,supermarket,Walmart Neighborhood Market,-95.73105390443898,29.75861481554477
944,supermarket,Walmart Neighborhood Market,-95.12558437081334,29.49903894846068
945,supermarket,Walmart Supercenter,-95.51671796896818,29.53659785372747
946,supermarket,Walmart Supercenter,-95.23588651146936,29.54592162445461
947,supermarket,Walmart Supercenter,-95.55059293342164,30.13429473292295
948,supermarket,Walmart Supercenter,-95.84126187907651,29.69753483173396
949,supermarket,Walmart Supercenter,-95.2376170363143,29.63080182504291
950,supermarket,Walmart Supercenter,-95.56131095130263,29.67926182599242
951,supermarket,Walmart Supercenter,-95.57304647485978,29.64406422359004
952,supermarket,Walmart Supercenter,-95.2831240271611,29.57333983838471
953,supermarket,Walmart Supercenter,-95.2834800076115,30.00899574912226
954,supermarket,Walmart Supercenter,-95.51168496149252,29.73547981281524
955,supermarket,Walmart Supercenter,-94.89682671567948,29.81716387520333
956,supermarket,Walmart Supercenter,-95.59138455722585,29.73315184899388
957,supermarket,Walmart Supercenter,-95.17643703569847,29.99567174814588
958,supermarket,Walmart Supercenter,-95.56485667532202,29.79320027182978
959,supermarket,Walmart Supercenter,-95.065659068759,29.8943727650855
960,supermarket,Walmart Supercenter,-95.21037242954482,29.69345284524816
961,supermarket,Walmart Supercenter,-95.22154611695906,30.15146641791726
962,supermarket,Walmart Supercenter,-95.64453042195206,29.61350323624792
963,supermarket,Walmart Supercenter,-95.48675371989029,29.91314875868508
964,supermarket,Walmart Supercenter,-95.17705518478965,29.76803895680286
965,supermarket,Walmart Supercenter,-95.6473949624553,29.72118016133834
966,supermarket,Walmart Supercenter,-95.16518245514696,29.80597100561457
967,supermarket,Walmart Supercenter,-95.31293048123587,29.71615813204621
968,supermarket,Walmart Supercenter,-95.51271331274415,30.0773533001606
969,supermarket,Walmart Supercenter,-95.72221325132477,29.78918718801446
970,supermarket,Walmart Supercenter,-95.40132745606849,29.77281016843324
971,supermarket,Walmart Supercenter,-95.37714501070438,29.82995880491808
972,supermarket,Walmart Supercenter,-95.48419104267512,29.99820625226737
973,supermarket,Walmart Supercenter,-95.38704397621088,30.11449773122482
974,supermarket,Walmart Supercenter,-95.46502102098343,29.72299951578762
975,supermarket,Walmart Supercenter,-95.71643935858202,29.8606258752738
976,supermarket,Walmart Supercenter,-95.25274422979484,29.93650890086985
977,supermarket,Walmart Supercenter,-95.01830394983234,29.53482228751375
978,supermarket,Walmart Supercenter,-95.41561469187982,29.91802347624463
979,supermarket,Walmart Supercenter,-95.7675661064241,29.81890372051461
980,supermarket,Walmart Supercenter,-95.77461778738497,29.69011574298792
981,supermarket,Walmart Supercenter,-95.15925074587865,29.55180975769093
982,supermarket,Walmart Supercenter,-95.3827215413092,29.5581153208388
983,supermarket,Walmart Supercenter,-95.56803471724527,29.57342530488899
984,supermarket,Walmart Supercenter,-95.71644090358062,29.86064779426939
985,supermarket,Walmart Supercenter,-95.6518008773414,29.87696362472958
986,supermarket,Walmart Supercenter,-95.75994427898725,29.55720938563264
987,supermarket,Walmart Supercenter,-95.23361707991447,30.10697197340625
988,supermarket,Walmart Supercenter,-95.10008310403765,29.66690712199958
989,supermarket,Walmart Supercenter,-95.4651879670097,29.78874181534596
990,supermarket,Walmart Supercenter,-95.69785997108619,29.97587893720716
991,supermarket,Walmart Supercenter,-95.43047186538041,30.06468895487171
992,supermarket,Walmart Supercenter,-95.80400715170488,29.78398634286498
993,supermarket,Walmart Supercenter,-95.62492501712356,30.0758138473867
994,supermarket,Walmart Supercenter,-95.60224243005268,29.91993897827694
995,supermarket,Walmart Supercenter,-95.59508368658386,30.01416866486525
996,supermarket,Walmart Supercenter,-95.4577449316824,30.12351693286164
997,supermarket,Walmart Supercenter,-94.97446957050525,29.776269848252
998,supermarket,Walmart Supercenter,-95.50908993585293,29.85390615453542
999,supermarket,Walmart Supercenter,-95.16136805518867,29.64660681923487
1000,supermarket,Welfresh Market,-95.58339754991769,29.58262674651795
1001,supermarket,Westcreek Market & Deli,-95.45483137576956,29.7414631096639
1002,supermarket,Whole Foods Market,-95.57049974647548,29.73509171488909
1003,supermarket,Whole Foods Market,-95.39813638705702,29.81369739295956
1004,supermarket,Whole Foods Market,-95.3975601466991,29.75787902936164
1005,supermarket,Whole Foods Market,-95.44161542668483,29.70695471528081
1006,supermarket,Whole Foods Market,-95.77185599609938,29.71236772635741
1007,supermarket,Whole Foods Market,-95.41812613325334,29.73946223882944
1008,supermarket,Whole Foods Market,-95.49999186372638,29.75246170894616
1009,supermarket,Whole Foods Market,-95.62332103895915,29.60002264429427
1010,supermarket,Whole Foods Market,-95.47048443329251,30.169396478991
1011,supermarket,Whole Foods Market,-95.46186507360781,29.7495894082397
1012,supermarket,YOGI INDIAN GROCERS,-95.68663052009859,29.66131738389115
